[
  {
    "logID": "1004",
    "userID": "1",
    "ipAddress": "1.1.1.1",
    "dateTime": "3/19/2019 4:55:30 PM",
    "description": "1 entered at https://www.startpoint.com"
  },
  {
    "logID": "1004",
    "userID": "2",
    "ipAddress": "1.1.1.1",
    "dateTime": "4/19/2019 4:55:55 PM",
    "description": "1 entered at https://www.startpoint.com"
  },
  {
    "logID": "1004",
    "userID": "3",
    "ipAddress": "1.1.1.1",
    "dateTime": "5/19/2019 4:56:01 PM",
    "description": "1 entered at https://www.startpoint.com"
  },
  {
    "logID": "1004",
    "userID": "4",
    "ipAddress": "1.1.1.1",
    "dateTime": "3/19/2019 4:57:41 PM",
    "description": "1 entered at https://www.startpoint.com"
  },
  {
    "logID": "1004",
    "userID": "5",
    "ipAddress": "1.1.1.1",
    "dateTime": "3/19/2019 4:57:46 PM",
    "description": "1 entered at https://www.startpoint.com"
  },
  {
    "logID": "1004",
    "userID": "6",
    "ipAddress": "1.1.1.1",
    "dateTime": "3/19/2019 4:57:51 PM",
    "description": "1 entered at https://www.startpoint.com"
  },
  {
    "logID": "1003",
    "userID": "1",
    "ipAddress": "1.1.1.1",
    "dateTime": "3/19/2019 6:56:34 PM",
    "description": "Event 1 created"
  },
  {
    "logID": "1005",
    "userID": "1",
    "ipAddress": "1.1.1.1",
    "dateTime": "3/19/2019 8:51:13 PM",
    "description": "1 exited website from https://www.endpoint.com"
  },
  {
    "logID": "1005",
    "userID": "2",
    "ipAddress": "1.1.1.1",
    "dateTime": "4/19/2019 8:52:44 PM",
    "description": "1 exited website from https://www.endpoint.com"
  },
  {
    "logID": "1005",
    "userID": "3",
    "ipAddress": "1.1.1.1",
    "dateTime": "5/19/2019 8:52:48 PM",
    "description": "1 exited website from https://www.endpoint.com"
  }

]