[
  {
    "logID": "1004",
    "userID": "1",
    "ipAddress": "1.1.1.1",
    "dateTime": "3/20/2019 12:06:07 AM",
    "description": "1 entered at https://www.startpoint.com"
  },
  {
    "logID": "1001",
    "userID": "1",
    "ipAddress": "1.103.23.102",
    "dateTime": "3/20/2019 12:10:02 AM",
    "description": "https://example.com to https://www.greetngroup.com/join"
  },
  {
    "logID": "1001",
    "userID": "1",
    "ipAddress": "1.103.23.102",
    "dateTime": "3/20/2019 12:46:02 AM",
    "description": "https://www.greetngroup.com/join to https://www.greetngroup.com/create"
  },
  {
    "logID": "1001",
    "userID": "1",
    "ipAddress": "1.103.23.102",
    "dateTime": "3/20/2019 12:46:03 AM",
    "description": "https://www.greetngroup.com/create to https://www.greetngroup.com/join"
  },
  {
    "logID": "1001",
    "userID": "1",
    "ipAddress": "1.103.23.102",
    "dateTime": "3/20/2019 1:47:49 AM",
    "description": "https://www.greetngroup.com/join to https://www.greetngroup.com/create"
  },
  {
    "logID": "1005",
    "userID": "1",
    "ipAddress": "1.1.1.1",
    "dateTime": "3/20/2019 2:49:42 AM",
    "description": "1 exited website from https://www.greetngroup.com/create"
  },
  {
    "logID": "1003",
    "userID": "1",
    "ipAddress": "1.1.1.1",
    "dateTime": "3/20/2019 10:30:27 AM",
    "description": "Event 1 created"
  },
  {
    "logID": "1011",
    "userID": "1",
    "ipAddress": "1.1.1.1",
    "dateTime": "3/20/2019 10:30:28 AM",
    "description": "Event 1 created"
  },
  {
    "logID": "1013",
    "userID": "1",
    "ipAddress": "1.1.1.1",
    "dateTime": "3/20/2019 10:30:29 AM",
    "description": "Event 1 created"
  },
  {
    "logID": "1013",
    "userID": "1",
    "ipAddress": "1.1.1.1",
    "dateTime": "3/20/2019 10:30:30 AM",
    "description": "Event 1 created"
  }
]